﻿<?xml version="1.0" encoding="UTF-8"?>
<DefaultMassCalibration xmlns:xsi="http://www.w3.org/2001/XMLSchema-instance" xsi:noNamespaceSchemaLocation="DefaultMassCal.xsd">
  <Version>1</Version>
  <DefaultCalibrations>
    <DefaultCalibration DefaultCalibrationID="1">
      <Step Number="1">
        <CalibrationTechnique>ExternalReference</CalibrationTechnique>
        <CalibrationFormula>Traditional</CalibrationFormula>
        <NumberOfCoefficients>2</NumberOfCoefficients>
        <ValueUseFlags>0</ValueUseFlags>
        <Values>
          <Value Number="1">0.000345314329814566</Value>
          <Value Number="2">1018.24780055898</Value>
        </Values>
        <Weighting>0</Weighting>
      </Step>
      <Step Number="2">
        <CalibrationTechnique>ExternalReference</CalibrationTechnique>
        <CalibrationFormula>Polynomial</CalibrationFormula>
        <NumberOfCoefficients>8</NumberOfCoefficients>
        <ValueUseFlags>184</ValueUseFlags>
        <Values>
          <Value Number="1">32487.4535037925</Value>
          <Value Number="2">113994.881215626</Value>
          <Value Number="3">5.32309047701576E-17</Value>
          <Value Number="4">-1.81123359134314E-21</Value>
          <Value Number="5">1.64456425334564E-26</Value>
          <Value Number="6">-3.59268847095536E-37</Value>
          <Value Number="7">0</Value>
          <Value Number="8">0</Value>
        </Values>
      </Step>
    </DefaultCalibration>
    <DefaultCalibration DefaultCalibrationID="2">
      <Step Number="1">
        <CalibrationTechnique>ExternalReference</CalibrationTechnique>
        <CalibrationFormula>Traditional</CalibrationFormula>
        <NumberOfCoefficients>2</NumberOfCoefficients>
        <ValueUseFlags>0</ValueUseFlags>
        <Values>
          <Value Number="1">0.000345160343554661</Value>
          <Value Number="2">1006.74650884782</Value>
        </Values>
        <Weighting>0</Weighting>
      </Step>
      <Step Number="2">
        <CalibrationTechnique>ExternalReference</CalibrationTechnique>
        <CalibrationFormula>Polynomial</CalibrationFormula>
        <NumberOfCoefficients>8</NumberOfCoefficients>
        <ValueUseFlags>30</ValueUseFlags>
        <Values>
          <Value Number="1">31802.5093881265</Value>
          <Value Number="2">118117.937846192</Value>
          <Value Number="3">9.60433195265087E-08</Value>
          <Value Number="4">-4.67778751170137E-12</Value>
          <Value Number="5">6.68333415310965E-17</Value>
          <Value Number="6">-2.91344342072705E-22</Value>
          <Value Number="7">0</Value>
          <Value Number="8">0</Value>
        </Values>
      </Step>
    </DefaultCalibration>
  </DefaultCalibrations>
</DefaultMassCalibration>