<?xml version="1.0"?>
<!--Voyager Method XML file-->
<Properties>
  <Version>B.05.00</Version>
  <PreRunScript>
    <ProjectName>
    </ProjectName>
    <ProcedureName>
    </ProcedureName>
    <InParameter>
    </InParameter>
    <DisplayString>
    </DisplayString>
  </PreRunScript>
  <PostRunScript>
    <ProjectName>
    </ProjectName>
    <ProcedureName>
    </ProcedureName>
    <InParameter>
    </InParameter>
    <DisplayString>
    </DisplayString>
  </PostRunScript>
  <Description>Default Method</Description>
  <EstimatedRunTime>0</EstimatedRunTime>
</Properties>