﻿<?xml version="1.0" encoding="utf-8"?>
<FrameMethods>
    <FileVersion>1.1</FileVersion>
    <FrameMethod FrameMethId="1">
        <DefMassCalId>2</DefMassCalId>
        <DetectorGainDeltaTo>-0.0879999995231628</DetectorGainDeltaTo>
        <!--1=Raw; 2=HiLow; 4=DualGain; 8=TLPP; etc-->
        <DetectorGainMode>4</DetectorGainMode>
        <DetectorGainRatio>12</DetectorGainRatio>
        <!--Volts-->
        <FragEnergy>0</FragEnergy>
        <!--1=Fixed; 2=MultiSegment-->
        <FragEnergyMode>1</FragEnergyMode>
        <!--1=None; 2=Selective; 4=NonSelective; 8=HiLoFrag-->
        <FragOpMode>1</FragOpMode>
        <!--milliseconds-->
        <FrameDtPeriod>0.120472</FrameDtPeriod>
        <!--nanoseconds-->
        <FrameMsXPeriod>0.5</FrameMsXPeriod>
        <FrameSpecAbundLimit>67584</FrameSpecAbundLimit>
        <FrameSpecFmtId>1</FrameSpecFmtId>
        <!--1=Sample; 2=Calibration; etc.-->
        <FrameType>1</FrameType>
        <!--Volts/cm-->
        <ImsField>18.5289292108445</ImsField>
        <ImsGas>N2</ImsGas>
        <!--1=SingleGate; 2=MuxGate; etc.-->
        <ImsGateMode>1</ImsGateMode>
        <!--Milliseconds-->
        <ImsGateOpenTime>150</ImsGateOpenTime>
        <!--1=None; 2=RealTime; 3=PostRun; etc.-->
        <ImsMuxProcessing>1</ImsMuxProcessing>
        <!--1=Single; 2=Dynamic; 3=Multi; 4=Stitched; etc.-->
        <ImsTrapMode>1</ImsTrapMode>
        <!--milliseconds-->
        <ImsTrapTime>38000</ImsTrapTime>
        <!--1=Mixed; 2=EI; 4=CI; 64=ESI; etc-->
        <IonizationMode>64</IonizationMode>
        <!--0=Pos; 1=Neg; 3=Mixed-->
        <IonPolarity>1</IonPolarity>
        <MaxMsBin>226416</MaxMsBin>
        <MaxMsPerFrame>383</MaxMsPerFrame>
        <MinMsBin>59952</MinMsBin>
        <NumTransients>22</NumTransients>
        <Threshold>0</Threshold>
        <TfsPeakSpecFormatId>3</TfsPeakSpecFormatId>
        <TfsProfileSpecFormatId>2</TfsProfileSpecFormatId>
        <!--1=Mixed; 2=Profile; 3=Peak-->
        <TfsStorageMode>1</TfsStorageMode>
    </FrameMethod>
</FrameMethods>