<DataFileMethodReport xmlns="http://tempuri.org/DataFileReport.xsd">
  <MethodReport>
    <Version>5.0</Version>
    <MethodName>DESI Imaging_IM_Negative.m</MethodName>
    <MethodPath>C:\MassHunter\Methods\DESI Imaging_IM_Negative.m</MethodPath>
    <RCDevicesXml>&lt;?xml version="1.0" standalone="yes"?&gt;
&lt;DSRdlReport xmlns="http://tempuri.org/DSRdlReport.xsd"&gt;
  &lt;ReportInfo&gt;
    &lt;FooterText&gt;C:\MassHunter\Methods\DESI Imaging_IM_Negative.m&lt;/FooterText&gt;
    &lt;Version&gt;5.0&lt;/Version&gt;
  &lt;/ReportInfo&gt;
  &lt;MethodInfo&gt;
    &lt;Version&gt;5.0&lt;/Version&gt;
    &lt;MethodName&gt;DESI Imaging_IM_Negative.m&lt;/MethodName&gt;
    &lt;MethodPath&gt;C:\MassHunter\Methods\DESI Imaging_IM_Negative.m&lt;/MethodPath&gt;
    &lt;MethodDescription&gt;Default Method&lt;/MethodDescription&gt;
  &lt;/MethodInfo&gt;
  &lt;Device&gt;
    &lt;Name&gt;Q-TOF&lt;/Name&gt;
  &lt;/Device&gt;
&lt;/DSRdlReport&gt;</RCDevicesXml>
    <SCICDevicesXml>&lt;?xml version="1.0" standalone="yes"?&gt;
&lt;NewDataSet&gt;
  &lt;SectionInfo&gt;
    &lt;RepeaterId1&gt;QTOF_1&lt;/RepeaterId1&gt;
    &lt;SectionType&gt;Repeater&lt;/SectionType&gt;
    &lt;Name&gt;QTOF&lt;/Name&gt;
    &lt;ID&gt;QTOF_1&lt;/ID&gt;
  &lt;/SectionInfo&gt;
  &lt;SectionInfo&gt;
    &lt;RepeaterId1&gt;QTOF_1&lt;/RepeaterId1&gt;
    &lt;ParentName&gt;QTOF&lt;/ParentName&gt;
    &lt;ParentID&gt;QTOF_1&lt;/ParentID&gt;
    &lt;ParentType&gt;Repeater&lt;/ParentType&gt;
    &lt;SectionType&gt;Table&lt;/SectionType&gt;
    &lt;Name&gt;Time Segments&lt;/Name&gt;
    &lt;ID&gt;TimeSegment&lt;/ID&gt;
  &lt;/SectionInfo&gt;
  &lt;SectionInfo&gt;
    &lt;RepeaterId1&gt;QTOF_1&lt;/RepeaterId1&gt;
    &lt;ParentName&gt;Time Segments&lt;/ParentName&gt;
    &lt;ParentID&gt;TimeSegment&lt;/ParentID&gt;
    &lt;ParentType&gt;Table&lt;/ParentType&gt;
    &lt;SectionType&gt;Column&lt;/SectionType&gt;
    &lt;RowIndex&gt;0&lt;/RowIndex&gt;
    &lt;ColumnIndex&gt;0&lt;/ColumnIndex&gt;
    &lt;Name&gt;Time Segment #&lt;/Name&gt;
    &lt;ID&gt;Index&lt;/ID&gt;
    &lt;Value&gt;1&lt;/Value&gt;
    &lt;NameAlignment&gt;Right&lt;/NameAlignment&gt;
    &lt;ValueAlignment&gt;Right&lt;/ValueAlignment&gt;
  &lt;/SectionInfo&gt;
  &lt;SectionInfo&gt;
    &lt;RepeaterId1&gt;QTOF_1&lt;/RepeaterId1&gt;
    &lt;ParentName&gt;Time Segments&lt;/ParentName&gt;
    &lt;ParentID&gt;TimeSegment&lt;/ParentID&gt;
    &lt;ParentType&gt;Table&lt;/ParentType&gt;
    &lt;SectionType&gt;Column&lt;/SectionType&gt;
    &lt;RowIndex&gt;0&lt;/RowIndex&gt;
    &lt;ColumnIndex&gt;1&lt;/ColumnIndex&gt;
    &lt;Name&gt;Start Time (min)&lt;/Name&gt;
    &lt;ID&gt;StartTime&lt;/ID&gt;
    &lt;Value&gt;0&lt;/Value&gt;
    &lt;NameAlignment&gt;Right&lt;/NameAlignment&gt;
    &lt;ValueAlignment&gt;Right&lt;/ValueAlignment&gt;
  &lt;/SectionInfo&gt;
  &lt;SectionInfo&gt;
    &lt;RepeaterId1&gt;QTOF_1&lt;/RepeaterId1&gt;
    &lt;ParentName&gt;Time Segments&lt;/ParentName&gt;
    &lt;ParentID&gt;TimeSegment&lt;/ParentID&gt;
    &lt;ParentType&gt;Table&lt;/ParentType&gt;
    &lt;SectionType&gt;Column&lt;/SectionType&gt;
    &lt;RowIndex&gt;0&lt;/RowIndex&gt;
    &lt;ColumnIndex&gt;2&lt;/ColumnIndex&gt;
    &lt;Name&gt;Diverter Valve State&lt;/Name&gt;
    &lt;ID&gt;DiverterValveState&lt;/ID&gt;
    &lt;Value&gt;MS&lt;/Value&gt;
  &lt;/SectionInfo&gt;
  &lt;SectionInfo&gt;
    &lt;RepeaterId1&gt;QTOF_1&lt;/RepeaterId1&gt;
    &lt;ParentName&gt;Time Segments&lt;/ParentName&gt;
    &lt;ParentID&gt;TimeSegment&lt;/ParentID&gt;
    &lt;ParentType&gt;Table&lt;/ParentType&gt;
    &lt;SectionType&gt;Column&lt;/SectionType&gt;
    &lt;RowIndex&gt;0&lt;/RowIndex&gt;
    &lt;ColumnIndex&gt;3&lt;/ColumnIndex&gt;
    &lt;Name&gt;Storage Mode&lt;/Name&gt;
    &lt;ID&gt;StorageMode&lt;/ID&gt;
    &lt;Value&gt;Both&lt;/Value&gt;
  &lt;/SectionInfo&gt;
  &lt;SectionInfo&gt;
    &lt;RepeaterId1&gt;QTOF_1&lt;/RepeaterId1&gt;
    &lt;ParentName&gt;Time Segments&lt;/ParentName&gt;
    &lt;ParentID&gt;TimeSegment&lt;/ParentID&gt;
    &lt;ParentType&gt;Table&lt;/ParentType&gt;
    &lt;SectionType&gt;Column&lt;/SectionType&gt;
    &lt;RowIndex&gt;0&lt;/RowIndex&gt;
    &lt;ColumnIndex&gt;4&lt;/ColumnIndex&gt;
    &lt;Name&gt;Ion Mode&lt;/Name&gt;
    &lt;ID&gt;IonMode&lt;/ID&gt;
    &lt;Value&gt;DESI&lt;/Value&gt;
  &lt;/SectionInfo&gt;
  &lt;SectionInfo&gt;
    &lt;RepeaterId1&gt;QTOF_1&lt;/RepeaterId1&gt;
    &lt;ParentName&gt;QTOF&lt;/ParentName&gt;
    &lt;ParentID&gt;QTOF_1&lt;/ParentID&gt;
    &lt;ParentType&gt;Repeater&lt;/ParentType&gt;
    &lt;SectionType&gt;Table&lt;/SectionType&gt;
    &lt;Name&gt;Chromatograms&lt;/Name&gt;
    &lt;ID&gt;ChromatogramsTable&lt;/ID&gt;
  &lt;/SectionInfo&gt;
  &lt;SectionInfo&gt;
    &lt;RepeaterId1&gt;QTOF_1&lt;/RepeaterId1&gt;
    &lt;ParentName&gt;Chromatograms&lt;/ParentName&gt;
    &lt;ParentID&gt;ChromatogramsTable&lt;/ParentID&gt;
    &lt;ParentType&gt;Table&lt;/ParentType&gt;
    &lt;SectionType&gt;Column&lt;/SectionType&gt;
    &lt;RowIndex&gt;0&lt;/RowIndex&gt;
    &lt;ColumnIndex&gt;0&lt;/ColumnIndex&gt;
    &lt;Name&gt;Chrom Type&lt;/Name&gt;
    &lt;ID&gt;TypeName&lt;/ID&gt;
    &lt;Value&gt;TIC&lt;/Value&gt;
    &lt;NameAlignment&gt;Left&lt;/NameAlignment&gt;
    &lt;ValueAlignment&gt;Left&lt;/ValueAlignment&gt;
  &lt;/SectionInfo&gt;
  &lt;SectionInfo&gt;
    &lt;RepeaterId1&gt;QTOF_1&lt;/RepeaterId1&gt;
    &lt;ParentName&gt;Chromatograms&lt;/ParentName&gt;
    &lt;ParentID&gt;ChromatogramsTable&lt;/ParentID&gt;
    &lt;ParentType&gt;Table&lt;/ParentType&gt;
    &lt;SectionType&gt;Column&lt;/SectionType&gt;
    &lt;RowIndex&gt;0&lt;/RowIndex&gt;
    &lt;ColumnIndex&gt;1&lt;/ColumnIndex&gt;
    &lt;Name&gt;Label&lt;/Name&gt;
    &lt;ID&gt;Label&lt;/ID&gt;
    &lt;Value&gt;TIC&lt;/Value&gt;
    &lt;NameAlignment&gt;Right&lt;/NameAlignment&gt;
    &lt;ValueAlignment&gt;Right&lt;/ValueAlignment&gt;
  &lt;/SectionInfo&gt;
  &lt;SectionInfo&gt;
    &lt;RepeaterId1&gt;QTOF_1&lt;/RepeaterId1&gt;
    &lt;ParentName&gt;Chromatograms&lt;/ParentName&gt;
    &lt;ParentID&gt;ChromatogramsTable&lt;/ParentID&gt;
    &lt;ParentType&gt;Table&lt;/ParentType&gt;
    &lt;SectionType&gt;Column&lt;/SectionType&gt;
    &lt;RowIndex&gt;0&lt;/RowIndex&gt;
    &lt;ColumnIndex&gt;2&lt;/ColumnIndex&gt;
    &lt;Name&gt;Offset&lt;/Name&gt;
    &lt;ID&gt;OffsetOrMin&lt;/ID&gt;
    &lt;Value&gt;15&lt;/Value&gt;
    &lt;NameAlignment&gt;Right&lt;/NameAlignment&gt;
    &lt;ValueAlignment&gt;Right&lt;/ValueAlignment&gt;
  &lt;/SectionInfo&gt;
  &lt;SectionInfo&gt;
    &lt;RepeaterId1&gt;QTOF_1&lt;/RepeaterId1&gt;
    &lt;ParentName&gt;Chromatograms&lt;/ParentName&gt;
    &lt;ParentID&gt;ChromatogramsTable&lt;/ParentID&gt;
    &lt;ParentType&gt;Table&lt;/ParentType&gt;
    &lt;SectionType&gt;Column&lt;/SectionType&gt;
    &lt;RowIndex&gt;0&lt;/RowIndex&gt;
    &lt;ColumnIndex&gt;3&lt;/ColumnIndex&gt;
    &lt;Name&gt;Y-Range&lt;/Name&gt;
    &lt;ID&gt;YRangeOrMax&lt;/ID&gt;
    &lt;Value&gt;10000000&lt;/Value&gt;
    &lt;NameAlignment&gt;Right&lt;/NameAlignment&gt;
    &lt;ValueAlignment&gt;Right&lt;/ValueAlignment&gt;
  &lt;/SectionInfo&gt;
  &lt;SectionInfo&gt;
    &lt;RepeaterId1&gt;QTOF_1&lt;/RepeaterId1&gt;
    &lt;ParentName&gt;QTOF&lt;/ParentName&gt;
    &lt;ParentID&gt;QTOF_1&lt;/ParentID&gt;
    &lt;ParentType&gt;Repeater&lt;/ParentType&gt;
    &lt;SectionType&gt;Section&lt;/SectionType&gt;
    &lt;Name&gt;Reference Masses&lt;/Name&gt;
    &lt;ID&gt;ReferenceMasses&lt;/ID&gt;
  &lt;/SectionInfo&gt;
  &lt;SectionInfo&gt;
    &lt;RepeaterId1&gt;QTOF_1&lt;/RepeaterId1&gt;
    &lt;ParentName&gt;QTOF&lt;/ParentName&gt;
    &lt;ParentID&gt;QTOF_1&lt;/ParentID&gt;
    &lt;ParentType&gt;Repeater&lt;/ParentType&gt;
    &lt;SectionType&gt;Section&lt;/SectionType&gt;
    &lt;Name /&gt;
    &lt;ID&gt;QTOFDeviceHeader&lt;/ID&gt;
    &lt;VisibleOrder&gt;-2&lt;/VisibleOrder&gt;
  &lt;/SectionInfo&gt;
  &lt;SectionInfo&gt;
    &lt;RepeaterId1&gt;QTOF_1&lt;/RepeaterId1&gt;
    &lt;ParentName&gt;QTOF&lt;/ParentName&gt;
    &lt;ParentID&gt;QTOF_1&lt;/ParentID&gt;
    &lt;ParentType&gt;Repeater&lt;/ParentType&gt;
    &lt;SectionType&gt;Section&lt;/SectionType&gt;
    &lt;Name /&gt;
    &lt;ID&gt;QTOF_NameModelOrdinalOptions_1&lt;/ID&gt;
    &lt;VisibleOrder&gt;0&lt;/VisibleOrder&gt;
  &lt;/SectionInfo&gt;
  &lt;SectionInfo&gt;
    &lt;RepeaterId1&gt;QTOF_1&lt;/RepeaterId1&gt;
    &lt;RepeaterId2&gt;RepeaterTimeSegment_1&lt;/RepeaterId2&gt;
    &lt;ParentName&gt;QTOF&lt;/ParentName&gt;
    &lt;ParentID&gt;QTOF_1&lt;/ParentID&gt;
    &lt;ParentType&gt;Repeater&lt;/ParentType&gt;
    &lt;SectionType&gt;Repeater&lt;/SectionType&gt;
    &lt;Name&gt;Time Segment 1&lt;/Name&gt;
    &lt;ID&gt;RepeaterTimeSegment_1&lt;/ID&gt;
  &lt;/SectionInfo&gt;
  &lt;SectionInfo&gt;
    &lt;RepeaterId1&gt;QTOF_1&lt;/RepeaterId1&gt;
    &lt;ParentName&gt;Reference Masses&lt;/ParentName&gt;
    &lt;ParentID&gt;ReferenceMasses&lt;/ParentID&gt;
    &lt;ParentType&gt;Section&lt;/ParentType&gt;
    &lt;SectionType&gt;Parameter&lt;/SectionType&gt;
    &lt;Name&gt;Ref Mass Enabled&lt;/Name&gt;
    &lt;ID&gt;EnableRefMassCorrection&lt;/ID&gt;
    &lt;Value&gt;Disabled&lt;/Value&gt;
  &lt;/SectionInfo&gt;
  &lt;SectionInfo&gt;
    &lt;RepeaterId1&gt;QTOF_1&lt;/RepeaterId1&gt;
    &lt;ParentName&gt;Reference Masses&lt;/ParentName&gt;
    &lt;ParentID&gt;ReferenceMasses&lt;/ParentID&gt;
    &lt;ParentType&gt;Section&lt;/ParentType&gt;
    &lt;SectionType&gt;Parameter&lt;/SectionType&gt;
    &lt;Name&gt;Ref Nebulizer (psig)&lt;/Name&gt;
    &lt;ID&gt;RefNebulizer&lt;/ID&gt;
    &lt;Value /&gt;
  &lt;/SectionInfo&gt;
  &lt;SectionInfo&gt;
    &lt;RepeaterId1&gt;QTOF_1&lt;/RepeaterId1&gt;
    &lt;ParentName /&gt;
    &lt;ParentID&gt;QTOFDeviceHeader&lt;/ParentID&gt;
    &lt;ParentType&gt;Section&lt;/ParentType&gt;
    &lt;SectionType&gt;Parameter&lt;/SectionType&gt;
    &lt;RowIndex&gt;0&lt;/RowIndex&gt;
    &lt;ColumnIndex&gt;0&lt;/ColumnIndex&gt;
    &lt;Name&gt;MS Q-TOF&lt;/Name&gt;
    &lt;ID&gt;QTOF&lt;/ID&gt;
    &lt;Value /&gt;
  &lt;/SectionInfo&gt;
  &lt;SectionInfo&gt;
    &lt;RepeaterId1&gt;QTOF_1&lt;/RepeaterId1&gt;
    &lt;ParentName /&gt;
    &lt;ParentID&gt;QTOFDeviceHeader&lt;/ParentID&gt;
    &lt;ParentType&gt;Section&lt;/ParentType&gt;
    &lt;SectionType&gt;Parameter&lt;/SectionType&gt;
    &lt;RowIndex&gt;1&lt;/RowIndex&gt;
    &lt;ColumnIndex&gt;0&lt;/ColumnIndex&gt;
    &lt;Name /&gt;
    &lt;ID&gt;QTOF&lt;/ID&gt;
    &lt;Value /&gt;
  &lt;/SectionInfo&gt;
  &lt;SectionInfo&gt;
    &lt;RepeaterId1&gt;QTOF_1&lt;/RepeaterId1&gt;
    &lt;ParentName /&gt;
    &lt;ParentID&gt;QTOF_NameModelOrdinalOptions_1&lt;/ParentID&gt;
    &lt;ParentType&gt;Section&lt;/ParentType&gt;
    &lt;SectionType&gt;Parameter&lt;/SectionType&gt;
    &lt;RowIndex&gt;0&lt;/RowIndex&gt;
    &lt;ColumnIndex&gt;1&lt;/ColumnIndex&gt;
    &lt;Name&gt;Component Model&lt;/Name&gt;
    &lt;ID&gt;ComponentModel&lt;/ID&gt;
    &lt;Value&gt;G6560A&lt;/Value&gt;
  &lt;/SectionInfo&gt;
  &lt;SectionInfo&gt;
    &lt;RepeaterId1&gt;QTOF_1&lt;/RepeaterId1&gt;
    &lt;ParentName /&gt;
    &lt;ParentID&gt;QTOF_NameModelOrdinalOptions_1&lt;/ParentID&gt;
    &lt;ParentType&gt;Section&lt;/ParentType&gt;
    &lt;SectionType&gt;Parameter&lt;/SectionType&gt;
    &lt;RowIndex&gt;0&lt;/RowIndex&gt;
    &lt;ColumnIndex&gt;0&lt;/ColumnIndex&gt;
    &lt;Name&gt;Component Name&lt;/Name&gt;
    &lt;ID&gt;ComponentName&lt;/ID&gt;
    &lt;Value&gt;MS Q-TOF&lt;/Value&gt;
  &lt;/SectionInfo&gt;
  &lt;SectionInfo&gt;
    &lt;RepeaterId1&gt;QTOF_1&lt;/RepeaterId1&gt;
    &lt;ParentName /&gt;
    &lt;ParentID&gt;QTOF_NameModelOrdinalOptions_1&lt;/ParentID&gt;
    &lt;ParentType&gt;Section&lt;/ParentType&gt;
    &lt;SectionType&gt;Parameter&lt;/SectionType&gt;
    &lt;RowIndex&gt;1&lt;/RowIndex&gt;
    &lt;ColumnIndex&gt;0&lt;/ColumnIndex&gt;
    &lt;Name&gt;Ion Source&lt;/Name&gt;
    &lt;ID&gt;IonSource&lt;/ID&gt;
    &lt;Value&gt;DESI&lt;/Value&gt;
  &lt;/SectionInfo&gt;
  &lt;SectionInfo&gt;
    &lt;RepeaterId1&gt;QTOF_1&lt;/RepeaterId1&gt;
    &lt;ParentName /&gt;
    &lt;ParentID&gt;QTOF_NameModelOrdinalOptions_1&lt;/ParentID&gt;
    &lt;ParentType&gt;Section&lt;/ParentType&gt;
    &lt;SectionType&gt;Parameter&lt;/SectionType&gt;
    &lt;RowIndex&gt;5&lt;/RowIndex&gt;
    &lt;ColumnIndex&gt;0&lt;/ColumnIndex&gt;
    &lt;Name&gt;Ion Mobility Mode&lt;/Name&gt;
    &lt;ID&gt;IMSAcqMode&lt;/ID&gt;
    &lt;Value&gt;IMS QTOF&lt;/Value&gt;
  &lt;/SectionInfo&gt;
  &lt;SectionInfo&gt;
    &lt;RepeaterId1&gt;QTOF_1&lt;/RepeaterId1&gt;
    &lt;ParentName /&gt;
    &lt;ParentID&gt;QTOF_NameModelOrdinalOptions_1&lt;/ParentID&gt;
    &lt;ParentType&gt;Section&lt;/ParentType&gt;
    &lt;SectionType&gt;Parameter&lt;/SectionType&gt;
    &lt;RowIndex&gt;1&lt;/RowIndex&gt;
    &lt;ColumnIndex&gt;1&lt;/ColumnIndex&gt;
    &lt;Name&gt;Stop Time (min)&lt;/Name&gt;
    &lt;ID&gt;StopTime&lt;/ID&gt;
    &lt;Value&gt;4.23&lt;/Value&gt;
  &lt;/SectionInfo&gt;
  &lt;SectionInfo&gt;
    &lt;RepeaterId1&gt;QTOF_1&lt;/RepeaterId1&gt;
    &lt;ParentName /&gt;
    &lt;ParentID&gt;QTOF_NameModelOrdinalOptions_1&lt;/ParentID&gt;
    &lt;ParentType&gt;Section&lt;/ParentType&gt;
    &lt;SectionType&gt;Parameter&lt;/SectionType&gt;
    &lt;RowIndex&gt;2&lt;/RowIndex&gt;
    &lt;ColumnIndex&gt;0&lt;/ColumnIndex&gt;
    &lt;Name&gt;Can wait for temp.&lt;/Name&gt;
    &lt;ID&gt;NoWaitForTemp&lt;/ID&gt;
    &lt;Value&gt;Disable&lt;/Value&gt;
  &lt;/SectionInfo&gt;
  &lt;SectionInfo&gt;
    &lt;RepeaterId1&gt;QTOF_1&lt;/RepeaterId1&gt;
    &lt;ParentName /&gt;
    &lt;ParentID&gt;QTOF_NameModelOrdinalOptions_1&lt;/ParentID&gt;
    &lt;ParentType&gt;Section&lt;/ParentType&gt;
    &lt;SectionType&gt;Parameter&lt;/SectionType&gt;
    &lt;RowIndex&gt;2&lt;/RowIndex&gt;
    &lt;ColumnIndex&gt;1&lt;/ColumnIndex&gt;
    &lt;Name&gt;Fast Polarity&lt;/Name&gt;
    &lt;ID&gt;FastPolarityEnabled&lt;/ID&gt;
    &lt;Value&gt;False&lt;/Value&gt;
  &lt;/SectionInfo&gt;
  &lt;SectionInfo&gt;
    &lt;RepeaterId1&gt;QTOF_1&lt;/RepeaterId1&gt;
    &lt;ParentName /&gt;
    &lt;ParentID&gt;QTOF_NameModelOrdinalOptions_1&lt;/ParentID&gt;
    &lt;ParentType&gt;Section&lt;/ParentType&gt;
    &lt;SectionType&gt;Parameter&lt;/SectionType&gt;
    &lt;RowIndex&gt;3&lt;/RowIndex&gt;
    &lt;ColumnIndex&gt;0&lt;/ColumnIndex&gt;
    &lt;Name&gt;MS Abs. threshold&lt;/Name&gt;
    &lt;ID&gt;MS1CentroidDataAbsThreshold&lt;/ID&gt;
    &lt;Value&gt;200&lt;/Value&gt;
  &lt;/SectionInfo&gt;
  &lt;SectionInfo&gt;
    &lt;RepeaterId1&gt;QTOF_1&lt;/RepeaterId1&gt;
    &lt;ParentName /&gt;
    &lt;ParentID&gt;QTOF_NameModelOrdinalOptions_1&lt;/ParentID&gt;
    &lt;ParentType&gt;Section&lt;/ParentType&gt;
    &lt;SectionType&gt;Parameter&lt;/SectionType&gt;
    &lt;RowIndex&gt;3&lt;/RowIndex&gt;
    &lt;ColumnIndex&gt;1&lt;/ColumnIndex&gt;
    &lt;Name&gt;MS Rel. threshold(%)&lt;/Name&gt;
    &lt;ID&gt;MS1CentroidDataRELThreshold&lt;/ID&gt;
    &lt;Value&gt;0.010&lt;/Value&gt;
  &lt;/SectionInfo&gt;
  &lt;SectionInfo&gt;
    &lt;RepeaterId1&gt;QTOF_1&lt;/RepeaterId1&gt;
    &lt;ParentName /&gt;
    &lt;ParentID&gt;QTOF_NameModelOrdinalOptions_1&lt;/ParentID&gt;
    &lt;ParentType&gt;Section&lt;/ParentType&gt;
    &lt;SectionType&gt;Parameter&lt;/SectionType&gt;
    &lt;RowIndex&gt;4&lt;/RowIndex&gt;
    &lt;ColumnIndex&gt;0&lt;/ColumnIndex&gt;
    &lt;Name&gt;MS/MS Abs. threshold&lt;/Name&gt;
    &lt;ID&gt;MS2CentroidDataAbsThreshold&lt;/ID&gt;
    &lt;Value&gt;5&lt;/Value&gt;
  &lt;/SectionInfo&gt;
  &lt;SectionInfo&gt;
    &lt;RepeaterId1&gt;QTOF_1&lt;/RepeaterId1&gt;
    &lt;ParentName /&gt;
    &lt;ParentID&gt;QTOF_NameModelOrdinalOptions_1&lt;/ParentID&gt;
    &lt;ParentType&gt;Section&lt;/ParentType&gt;
    &lt;SectionType&gt;Parameter&lt;/SectionType&gt;
    &lt;RowIndex&gt;4&lt;/RowIndex&gt;
    &lt;ColumnIndex&gt;1&lt;/ColumnIndex&gt;
    &lt;Name&gt;MS/MS Rel. threshold(%)&lt;/Name&gt;
    &lt;ID&gt;MS2CentroidDataRELThreshold&lt;/ID&gt;
    &lt;Value&gt;0.010&lt;/Value&gt;
  &lt;/SectionInfo&gt;
  &lt;SectionInfo&gt;
    &lt;RepeaterId1&gt;QTOF_1&lt;/RepeaterId1&gt;
    &lt;RepeaterId2&gt;RepeaterTimeSegment_1&lt;/RepeaterId2&gt;
    &lt;ParentName&gt;Time Segment 1&lt;/ParentName&gt;
    &lt;ParentID&gt;RepeaterTimeSegment_1&lt;/ParentID&gt;
    &lt;ParentType&gt;Repeater&lt;/ParentType&gt;
    &lt;SectionType&gt;Section&lt;/SectionType&gt;
    &lt;Name&gt;Time Segment 1&lt;/Name&gt;
    &lt;ID&gt;TimeSegmentDetail_1&lt;/ID&gt;
  &lt;/SectionInfo&gt;
  &lt;SectionInfo&gt;
    &lt;RepeaterId1&gt;QTOF_1&lt;/RepeaterId1&gt;
    &lt;RepeaterId2&gt;RepeaterTimeSegment_1&lt;/RepeaterId2&gt;
    &lt;ParentName&gt;Time Segment 1&lt;/ParentName&gt;
    &lt;ParentID&gt;TimeSegmentDetail_1&lt;/ParentID&gt;
    &lt;ParentType&gt;Section&lt;/ParentType&gt;
    &lt;SectionType&gt;Table&lt;/SectionType&gt;
    &lt;Name&gt;Scan Segments&lt;/Name&gt;
    &lt;ID&gt;ScanSegment_1&lt;/ID&gt;
  &lt;/SectionInfo&gt;
  &lt;SectionInfo&gt;
    &lt;RepeaterId1&gt;QTOF_1&lt;/RepeaterId1&gt;
    &lt;RepeaterId2&gt;RepeaterTimeSegment_1&lt;/RepeaterId2&gt;
    &lt;ParentName&gt;Scan Segments&lt;/ParentName&gt;
    &lt;ParentID&gt;ScanSegment_1&lt;/ParentID&gt;
    &lt;ParentType&gt;Table&lt;/ParentType&gt;
    &lt;SectionType&gt;Column&lt;/SectionType&gt;
    &lt;RowIndex&gt;0&lt;/RowIndex&gt;
    &lt;ColumnIndex&gt;0&lt;/ColumnIndex&gt;
    &lt;Name&gt;Scan Seg #&lt;/Name&gt;
    &lt;ID&gt;Index&lt;/ID&gt;
    &lt;Value&gt;1&lt;/Value&gt;
    &lt;NameAlignment&gt;Right&lt;/NameAlignment&gt;
    &lt;ValueAlignment&gt;Right&lt;/ValueAlignment&gt;
  &lt;/SectionInfo&gt;
  &lt;SectionInfo&gt;
    &lt;RepeaterId1&gt;QTOF_1&lt;/RepeaterId1&gt;
    &lt;RepeaterId2&gt;RepeaterTimeSegment_1&lt;/RepeaterId2&gt;
    &lt;ParentName&gt;Scan Segments&lt;/ParentName&gt;
    &lt;ParentID&gt;ScanSegment_1&lt;/ParentID&gt;
    &lt;ParentType&gt;Table&lt;/ParentType&gt;
    &lt;SectionType&gt;Column&lt;/SectionType&gt;
    &lt;RowIndex&gt;0&lt;/RowIndex&gt;
    &lt;ColumnIndex&gt;1&lt;/ColumnIndex&gt;
    &lt;Name&gt;Ion Polarity&lt;/Name&gt;
    &lt;ID&gt;ionPolarity&lt;/ID&gt;
    &lt;Value&gt;Negative&lt;/Value&gt;
  &lt;/SectionInfo&gt;
  &lt;SectionInfo&gt;
    &lt;RepeaterId1&gt;QTOF_1&lt;/RepeaterId1&gt;
    &lt;RepeaterId2&gt;RepeaterTimeSegment_1&lt;/RepeaterId2&gt;
    &lt;ParentName&gt;Scan Segments&lt;/ParentName&gt;
    &lt;ParentID&gt;ScanSegment_1&lt;/ParentID&gt;
    &lt;ParentType&gt;Table&lt;/ParentType&gt;
    &lt;SectionType&gt;Column&lt;/SectionType&gt;
    &lt;RowIndex&gt;0&lt;/RowIndex&gt;
    &lt;ColumnIndex&gt;2&lt;/ColumnIndex&gt;
    &lt;Name&gt;Collision Energy&lt;/Name&gt;
    &lt;ID&gt;CollisionEnergy&lt;/ID&gt;
    &lt;Value&gt;0&lt;/Value&gt;
    &lt;NameAlignment&gt;Right&lt;/NameAlignment&gt;
    &lt;ValueAlignment&gt;Right&lt;/ValueAlignment&gt;
  &lt;/SectionInfo&gt;
  &lt;SectionInfo&gt;
    &lt;RepeaterId1&gt;QTOF_1&lt;/RepeaterId1&gt;
    &lt;RepeaterId2&gt;RepeaterTimeSegment_1&lt;/RepeaterId2&gt;
    &lt;ParentName&gt;Time Segment 1&lt;/ParentName&gt;
    &lt;ParentID&gt;TimeSegmentDetail_1&lt;/ParentID&gt;
    &lt;ParentType&gt;Section&lt;/ParentType&gt;
    &lt;SectionType&gt;Table&lt;/SectionType&gt;
    &lt;Name&gt;Instrument Parameters&lt;/Name&gt;
    &lt;ID&gt;TimeSourceParameter_1&lt;/ID&gt;
  &lt;/SectionInfo&gt;
  &lt;SectionInfo&gt;
    &lt;RepeaterId1&gt;QTOF_1&lt;/RepeaterId1&gt;
    &lt;RepeaterId2&gt;RepeaterTimeSegment_1&lt;/RepeaterId2&gt;
    &lt;ParentName&gt;Instrument Parameters&lt;/ParentName&gt;
    &lt;ParentID&gt;TimeSourceParameter_1&lt;/ParentID&gt;
    &lt;ParentType&gt;Table&lt;/ParentType&gt;
    &lt;SectionType&gt;Column&lt;/SectionType&gt;
    &lt;RowIndex&gt;0&lt;/RowIndex&gt;
    &lt;ColumnIndex&gt;0&lt;/ColumnIndex&gt;
    &lt;Name&gt;Parameter&lt;/Name&gt;
    &lt;ID&gt;Id&lt;/ID&gt;
    &lt;Value&gt;Gas Temp (°C)&lt;/Value&gt;
  &lt;/SectionInfo&gt;
  &lt;SectionInfo&gt;
    &lt;RepeaterId1&gt;QTOF_1&lt;/RepeaterId1&gt;
    &lt;RepeaterId2&gt;RepeaterTimeSegment_1&lt;/RepeaterId2&gt;
    &lt;ParentName&gt;Instrument Parameters&lt;/ParentName&gt;
    &lt;ParentID&gt;TimeSourceParameter_1&lt;/ParentID&gt;
    &lt;ParentType&gt;Table&lt;/ParentType&gt;
    &lt;SectionType&gt;Column&lt;/SectionType&gt;
    &lt;RowIndex&gt;0&lt;/RowIndex&gt;
    &lt;ColumnIndex&gt;1&lt;/ColumnIndex&gt;
    &lt;Name&gt;Value&lt;/Name&gt;
    &lt;ID&gt;Value&lt;/ID&gt;
    &lt;Value&gt;350&lt;/Value&gt;
    &lt;NameAlignment&gt;Right&lt;/NameAlignment&gt;
    &lt;ValueAlignment&gt;Right&lt;/ValueAlignment&gt;
  &lt;/SectionInfo&gt;
  &lt;SectionInfo&gt;
    &lt;RepeaterId1&gt;QTOF_1&lt;/RepeaterId1&gt;
    &lt;RepeaterId2&gt;RepeaterTimeSegment_1&lt;/RepeaterId2&gt;
    &lt;ParentName&gt;Instrument Parameters&lt;/ParentName&gt;
    &lt;ParentID&gt;TimeSourceParameter_1&lt;/ParentID&gt;
    &lt;ParentType&gt;Table&lt;/ParentType&gt;
    &lt;SectionType&gt;Column&lt;/SectionType&gt;
    &lt;RowIndex&gt;1&lt;/RowIndex&gt;
    &lt;ColumnIndex&gt;0&lt;/ColumnIndex&gt;
    &lt;Name&gt;Parameter&lt;/Name&gt;
    &lt;ID&gt;Id&lt;/ID&gt;
    &lt;Value&gt;Gas Flow (l/min)&lt;/Value&gt;
  &lt;/SectionInfo&gt;
  &lt;SectionInfo&gt;
    &lt;RepeaterId1&gt;QTOF_1&lt;/RepeaterId1&gt;
    &lt;RepeaterId2&gt;RepeaterTimeSegment_1&lt;/RepeaterId2&gt;
    &lt;ParentName&gt;Instrument Parameters&lt;/ParentName&gt;
    &lt;ParentID&gt;TimeSourceParameter_1&lt;/ParentID&gt;
    &lt;ParentType&gt;Table&lt;/ParentType&gt;
    &lt;SectionType&gt;Column&lt;/SectionType&gt;
    &lt;RowIndex&gt;1&lt;/RowIndex&gt;
    &lt;ColumnIndex&gt;1&lt;/ColumnIndex&gt;
    &lt;Name&gt;Value&lt;/Name&gt;
    &lt;ID&gt;Value&lt;/ID&gt;
    &lt;Value&gt;12&lt;/Value&gt;
    &lt;NameAlignment&gt;Right&lt;/NameAlignment&gt;
    &lt;ValueAlignment&gt;Right&lt;/ValueAlignment&gt;
  &lt;/SectionInfo&gt;
  &lt;SectionInfo&gt;
    &lt;RepeaterId1&gt;QTOF_1&lt;/RepeaterId1&gt;
    &lt;RepeaterId2&gt;RepeaterTimeSegment_1&lt;/RepeaterId2&gt;
    &lt;ParentName&gt;Time Segment 1&lt;/ParentName&gt;
    &lt;ParentID&gt;TimeSegmentDetail_1&lt;/ParentID&gt;
    &lt;ParentType&gt;Section&lt;/ParentType&gt;
    &lt;SectionType&gt;Section&lt;/SectionType&gt;
    &lt;Name&gt;Acquisition Mode MS1&lt;/Name&gt;
    &lt;ID&gt;TS_1_AcqMS1&lt;/ID&gt;
  &lt;/SectionInfo&gt;
  &lt;SectionInfo&gt;
    &lt;RepeaterId1&gt;QTOF_1&lt;/RepeaterId1&gt;
    &lt;RepeaterId2&gt;RepeaterTimeSegment_1&lt;/RepeaterId2&gt;
    &lt;RepeaterId3&gt;RepeaterTimeSegmentDetail_1&lt;/RepeaterId3&gt;
    &lt;ParentName&gt;Time Segment 1&lt;/ParentName&gt;
    &lt;ParentID&gt;TimeSegmentDetail_1&lt;/ParentID&gt;
    &lt;ParentType&gt;Section&lt;/ParentType&gt;
    &lt;SectionType&gt;Repeater&lt;/SectionType&gt;
    &lt;Name&gt;Time Segment 1&lt;/Name&gt;
    &lt;ID&gt;RepeaterTimeSegmentDetail_1&lt;/ID&gt;
  &lt;/SectionInfo&gt;
  &lt;SectionInfo&gt;
    &lt;RepeaterId1&gt;QTOF_1&lt;/RepeaterId1&gt;
    &lt;RepeaterId2&gt;RepeaterTimeSegment_1&lt;/RepeaterId2&gt;
    &lt;ParentName&gt;Acquisition Mode MS1&lt;/ParentName&gt;
    &lt;ParentID&gt;TS_1_AcqMS1&lt;/ParentID&gt;
    &lt;ParentType&gt;Section&lt;/ParentType&gt;
    &lt;SectionType&gt;Parameter&lt;/SectionType&gt;
    &lt;Name&gt;Min Range (m/z)&lt;/Name&gt;
    &lt;ID&gt;MinRange&lt;/ID&gt;
    &lt;Value&gt;100&lt;/Value&gt;
  &lt;/SectionInfo&gt;
  &lt;SectionInfo&gt;
    &lt;RepeaterId1&gt;QTOF_1&lt;/RepeaterId1&gt;
    &lt;RepeaterId2&gt;RepeaterTimeSegment_1&lt;/RepeaterId2&gt;
    &lt;ParentName&gt;Acquisition Mode MS1&lt;/ParentName&gt;
    &lt;ParentID&gt;TS_1_AcqMS1&lt;/ParentID&gt;
    &lt;ParentType&gt;Section&lt;/ParentType&gt;
    &lt;SectionType&gt;Parameter&lt;/SectionType&gt;
    &lt;Name&gt;Max Range (m/z)&lt;/Name&gt;
    &lt;ID&gt;MaxRange&lt;/ID&gt;
    &lt;Value&gt;1500&lt;/Value&gt;
  &lt;/SectionInfo&gt;
  &lt;SectionInfo&gt;
    &lt;RepeaterId1&gt;QTOF_1&lt;/RepeaterId1&gt;
    &lt;RepeaterId2&gt;RepeaterTimeSegment_1&lt;/RepeaterId2&gt;
    &lt;ParentName&gt;Acquisition Mode MS1&lt;/ParentName&gt;
    &lt;ParentID&gt;TS_1_AcqMS1&lt;/ParentID&gt;
    &lt;ParentType&gt;Section&lt;/ParentType&gt;
    &lt;SectionType&gt;Parameter&lt;/SectionType&gt;
    &lt;Name&gt;Frame Rate (frames/sec)&lt;/Name&gt;
    &lt;ID&gt;FrameRate&lt;/ID&gt;
    &lt;Value&gt;1&lt;/Value&gt;
  &lt;/SectionInfo&gt;
  &lt;SectionInfo&gt;
    &lt;RepeaterId1&gt;QTOF_1&lt;/RepeaterId1&gt;
    &lt;RepeaterId2&gt;RepeaterTimeSegment_1&lt;/RepeaterId2&gt;
    &lt;ParentName&gt;Acquisition Mode MS1&lt;/ParentName&gt;
    &lt;ParentID&gt;TS_1_AcqMS1&lt;/ParentID&gt;
    &lt;ParentType&gt;Section&lt;/ParentType&gt;
    &lt;SectionType&gt;Parameter&lt;/SectionType&gt;
    &lt;Name&gt;IM Transient Rate (transients/frame)&lt;/Name&gt;
    &lt;ID&gt;IMTransientRate&lt;/ID&gt;
    &lt;Value&gt;21&lt;/Value&gt;
  &lt;/SectionInfo&gt;
  &lt;SectionInfo&gt;
    &lt;RepeaterId1&gt;QTOF_1&lt;/RepeaterId1&gt;
    &lt;RepeaterId2&gt;RepeaterTimeSegment_1&lt;/RepeaterId2&gt;
    &lt;ParentName&gt;Acquisition Mode MS1&lt;/ParentName&gt;
    &lt;ParentID&gt;TS_1_AcqMS1&lt;/ParentID&gt;
    &lt;ParentType&gt;Section&lt;/ParentType&gt;
    &lt;SectionType&gt;Parameter&lt;/SectionType&gt;
    &lt;Name&gt;Max Drift Time (ms)&lt;/Name&gt;
    &lt;ID&gt;MaxDriftTime&lt;/ID&gt;
    &lt;Value&gt;46&lt;/Value&gt;
  &lt;/SectionInfo&gt;
  &lt;SectionInfo&gt;
    &lt;RepeaterId1&gt;QTOF_1&lt;/RepeaterId1&gt;
    &lt;RepeaterId2&gt;RepeaterTimeSegment_1&lt;/RepeaterId2&gt;
    &lt;ParentName&gt;Acquisition Mode MS1&lt;/ParentName&gt;
    &lt;ParentID&gt;TS_1_AcqMS1&lt;/ParentID&gt;
    &lt;ParentType&gt;Section&lt;/ParentType&gt;
    &lt;SectionType&gt;Parameter&lt;/SectionType&gt;
    &lt;Name&gt;Trap Fill Time (µs)&lt;/Name&gt;
    &lt;ID&gt;TrapFillTime&lt;/ID&gt;
    &lt;Value&gt;38000.0&lt;/Value&gt;
  &lt;/SectionInfo&gt;
  &lt;SectionInfo&gt;
    &lt;RepeaterId1&gt;QTOF_1&lt;/RepeaterId1&gt;
    &lt;RepeaterId2&gt;RepeaterTimeSegment_1&lt;/RepeaterId2&gt;
    &lt;ParentName&gt;Acquisition Mode MS1&lt;/ParentName&gt;
    &lt;ParentID&gt;TS_1_AcqMS1&lt;/ParentID&gt;
    &lt;ParentType&gt;Section&lt;/ParentType&gt;
    &lt;SectionType&gt;Parameter&lt;/SectionType&gt;
    &lt;Name&gt;Trap Release Time (µs)&lt;/Name&gt;
    &lt;ID&gt;TrapReleaseTime&lt;/ID&gt;
    &lt;Value&gt;150.0&lt;/Value&gt;
  &lt;/SectionInfo&gt;
  &lt;SectionInfo&gt;
    &lt;RepeaterId1&gt;QTOF_1&lt;/RepeaterId1&gt;
    &lt;RepeaterId2&gt;RepeaterTimeSegment_1&lt;/RepeaterId2&gt;
    &lt;RepeaterId3&gt;RepeaterTimeSegmentDetail_1&lt;/RepeaterId3&gt;
    &lt;ParentName&gt;Time Segment 1&lt;/ParentName&gt;
    &lt;ParentID&gt;RepeaterTimeSegmentDetail_1&lt;/ParentID&gt;
    &lt;ParentType&gt;Repeater&lt;/ParentType&gt;
    &lt;SectionType&gt;Section&lt;/SectionType&gt;
    &lt;Name&gt;Scan Segment 1&lt;/Name&gt;
    &lt;ID&gt;TS_1_ScanSegmentDetail_1&lt;/ID&gt;
  &lt;/SectionInfo&gt;
  &lt;SectionInfo&gt;
    &lt;RepeaterId1&gt;QTOF_1&lt;/RepeaterId1&gt;
    &lt;RepeaterId2&gt;RepeaterTimeSegment_1&lt;/RepeaterId2&gt;
    &lt;RepeaterId3&gt;RepeaterTimeSegmentDetail_1&lt;/RepeaterId3&gt;
    &lt;ParentName&gt;Scan Segment 1&lt;/ParentName&gt;
    &lt;ParentID&gt;TS_1_ScanSegmentDetail_1&lt;/ParentID&gt;
    &lt;ParentType&gt;Section&lt;/ParentType&gt;
    &lt;SectionType&gt;Table&lt;/SectionType&gt;
    &lt;Name&gt;Scan Source Parameters&lt;/Name&gt;
    &lt;ID&gt;TS_1_ScanSourceParameter_1&lt;/ID&gt;
  &lt;/SectionInfo&gt;
  &lt;SectionInfo&gt;
    &lt;RepeaterId1&gt;QTOF_1&lt;/RepeaterId1&gt;
    &lt;RepeaterId2&gt;RepeaterTimeSegment_1&lt;/RepeaterId2&gt;
    &lt;RepeaterId3&gt;RepeaterTimeSegmentDetail_1&lt;/RepeaterId3&gt;
    &lt;ParentName&gt;Scan Source Parameters&lt;/ParentName&gt;
    &lt;ParentID&gt;TS_1_ScanSourceParameter_1&lt;/ParentID&gt;
    &lt;ParentType&gt;Table&lt;/ParentType&gt;
    &lt;SectionType&gt;Column&lt;/SectionType&gt;
    &lt;RowIndex&gt;0&lt;/RowIndex&gt;
    &lt;ColumnIndex&gt;0&lt;/ColumnIndex&gt;
    &lt;Name&gt;Parameter&lt;/Name&gt;
    &lt;ID&gt;Id&lt;/ID&gt;
    &lt;Value&gt;VCap&lt;/Value&gt;
  &lt;/SectionInfo&gt;
  &lt;SectionInfo&gt;
    &lt;RepeaterId1&gt;QTOF_1&lt;/RepeaterId1&gt;
    &lt;RepeaterId2&gt;RepeaterTimeSegment_1&lt;/RepeaterId2&gt;
    &lt;RepeaterId3&gt;RepeaterTimeSegmentDetail_1&lt;/RepeaterId3&gt;
    &lt;ParentName&gt;Scan Source Parameters&lt;/ParentName&gt;
    &lt;ParentID&gt;TS_1_ScanSourceParameter_1&lt;/ParentID&gt;
    &lt;ParentType&gt;Table&lt;/ParentType&gt;
    &lt;SectionType&gt;Column&lt;/SectionType&gt;
    &lt;RowIndex&gt;0&lt;/RowIndex&gt;
    &lt;ColumnIndex&gt;1&lt;/ColumnIndex&gt;
    &lt;Name&gt;Value&lt;/Name&gt;
    &lt;ID&gt;Value&lt;/ID&gt;
    &lt;Value&gt;4000&lt;/Value&gt;
    &lt;NameAlignment&gt;Right&lt;/NameAlignment&gt;
    &lt;ValueAlignment&gt;Right&lt;/ValueAlignment&gt;
  &lt;/SectionInfo&gt;
  &lt;SectionInfo&gt;
    &lt;RepeaterId1&gt;QTOF_1&lt;/RepeaterId1&gt;
    &lt;RepeaterId2&gt;RepeaterTimeSegment_1&lt;/RepeaterId2&gt;
    &lt;RepeaterId3&gt;RepeaterTimeSegmentDetail_1&lt;/RepeaterId3&gt;
    &lt;ParentName&gt;Scan Source Parameters&lt;/ParentName&gt;
    &lt;ParentID&gt;TS_1_ScanSourceParameter_1&lt;/ParentID&gt;
    &lt;ParentType&gt;Table&lt;/ParentType&gt;
    &lt;SectionType&gt;Column&lt;/SectionType&gt;
    &lt;RowIndex&gt;1&lt;/RowIndex&gt;
    &lt;ColumnIndex&gt;0&lt;/ColumnIndex&gt;
    &lt;Name&gt;Parameter&lt;/Name&gt;
    &lt;ID&gt;Id&lt;/ID&gt;
    &lt;Value&gt;Fragmentor&lt;/Value&gt;
  &lt;/SectionInfo&gt;
  &lt;SectionInfo&gt;
    &lt;RepeaterId1&gt;QTOF_1&lt;/RepeaterId1&gt;
    &lt;RepeaterId2&gt;RepeaterTimeSegment_1&lt;/RepeaterId2&gt;
    &lt;RepeaterId3&gt;RepeaterTimeSegmentDetail_1&lt;/RepeaterId3&gt;
    &lt;ParentName&gt;Scan Source Parameters&lt;/ParentName&gt;
    &lt;ParentID&gt;TS_1_ScanSourceParameter_1&lt;/ParentID&gt;
    &lt;ParentType&gt;Table&lt;/ParentType&gt;
    &lt;SectionType&gt;Column&lt;/SectionType&gt;
    &lt;RowIndex&gt;1&lt;/RowIndex&gt;
    &lt;ColumnIndex&gt;1&lt;/ColumnIndex&gt;
    &lt;Name&gt;Value&lt;/Name&gt;
    &lt;ID&gt;Value&lt;/ID&gt;
    &lt;Value&gt;400&lt;/Value&gt;
    &lt;NameAlignment&gt;Right&lt;/NameAlignment&gt;
    &lt;ValueAlignment&gt;Right&lt;/ValueAlignment&gt;
  &lt;/SectionInfo&gt;
  &lt;SectionInfo&gt;
    &lt;RepeaterId1&gt;QTOF_1&lt;/RepeaterId1&gt;
    &lt;RepeaterId2&gt;RepeaterTimeSegment_1&lt;/RepeaterId2&gt;
    &lt;RepeaterId3&gt;RepeaterTimeSegmentDetail_1&lt;/RepeaterId3&gt;
    &lt;ParentName&gt;Scan Source Parameters&lt;/ParentName&gt;
    &lt;ParentID&gt;TS_1_ScanSourceParameter_1&lt;/ParentID&gt;
    &lt;ParentType&gt;Table&lt;/ParentType&gt;
    &lt;SectionType&gt;Column&lt;/SectionType&gt;
    &lt;RowIndex&gt;2&lt;/RowIndex&gt;
    &lt;ColumnIndex&gt;0&lt;/ColumnIndex&gt;
    &lt;Name&gt;Parameter&lt;/Name&gt;
    &lt;ID&gt;Id&lt;/ID&gt;
    &lt;Value&gt;Skimmer1&lt;/Value&gt;
  &lt;/SectionInfo&gt;
  &lt;SectionInfo&gt;
    &lt;RepeaterId1&gt;QTOF_1&lt;/RepeaterId1&gt;
    &lt;RepeaterId2&gt;RepeaterTimeSegment_1&lt;/RepeaterId2&gt;
    &lt;RepeaterId3&gt;RepeaterTimeSegmentDetail_1&lt;/RepeaterId3&gt;
    &lt;ParentName&gt;Scan Source Parameters&lt;/ParentName&gt;
    &lt;ParentID&gt;TS_1_ScanSourceParameter_1&lt;/ParentID&gt;
    &lt;ParentType&gt;Table&lt;/ParentType&gt;
    &lt;SectionType&gt;Column&lt;/SectionType&gt;
    &lt;RowIndex&gt;2&lt;/RowIndex&gt;
    &lt;ColumnIndex&gt;1&lt;/ColumnIndex&gt;
    &lt;Name&gt;Value&lt;/Name&gt;
    &lt;ID&gt;Value&lt;/ID&gt;
    &lt;Value&gt;65&lt;/Value&gt;
    &lt;NameAlignment&gt;Right&lt;/NameAlignment&gt;
    &lt;ValueAlignment&gt;Right&lt;/ValueAlignment&gt;
  &lt;/SectionInfo&gt;
  &lt;SectionInfo&gt;
    &lt;RepeaterId1&gt;QTOF_1&lt;/RepeaterId1&gt;
    &lt;RepeaterId2&gt;RepeaterTimeSegment_1&lt;/RepeaterId2&gt;
    &lt;RepeaterId3&gt;RepeaterTimeSegmentDetail_1&lt;/RepeaterId3&gt;
    &lt;ParentName&gt;Scan Source Parameters&lt;/ParentName&gt;
    &lt;ParentID&gt;TS_1_ScanSourceParameter_1&lt;/ParentID&gt;
    &lt;ParentType&gt;Table&lt;/ParentType&gt;
    &lt;SectionType&gt;Column&lt;/SectionType&gt;
    &lt;RowIndex&gt;3&lt;/RowIndex&gt;
    &lt;ColumnIndex&gt;0&lt;/ColumnIndex&gt;
    &lt;Name&gt;Parameter&lt;/Name&gt;
    &lt;ID&gt;Id&lt;/ID&gt;
    &lt;Value&gt;OctopoleRFPeak&lt;/Value&gt;
  &lt;/SectionInfo&gt;
  &lt;SectionInfo&gt;
    &lt;RepeaterId1&gt;QTOF_1&lt;/RepeaterId1&gt;
    &lt;RepeaterId2&gt;RepeaterTimeSegment_1&lt;/RepeaterId2&gt;
    &lt;RepeaterId3&gt;RepeaterTimeSegmentDetail_1&lt;/RepeaterId3&gt;
    &lt;ParentName&gt;Scan Source Parameters&lt;/ParentName&gt;
    &lt;ParentID&gt;TS_1_ScanSourceParameter_1&lt;/ParentID&gt;
    &lt;ParentType&gt;Table&lt;/ParentType&gt;
    &lt;SectionType&gt;Column&lt;/SectionType&gt;
    &lt;RowIndex&gt;3&lt;/RowIndex&gt;
    &lt;ColumnIndex&gt;1&lt;/ColumnIndex&gt;
    &lt;Name&gt;Value&lt;/Name&gt;
    &lt;ID&gt;Value&lt;/ID&gt;
    &lt;Value&gt;750&lt;/Value&gt;
    &lt;NameAlignment&gt;Right&lt;/NameAlignment&gt;
    &lt;ValueAlignment&gt;Right&lt;/ValueAlignment&gt;
  &lt;/SectionInfo&gt;
&lt;/NewDataSet&gt;</SCICDevicesXml>
  </MethodReport>
  <Devices>
    <DeviceId>MSQTOF_1</DeviceId>
    <DisplayName>Q-TOF</DisplayName>
    <IsRCDevice>False</IsRCDevice>
  </Devices>
</DataFileMethodReport>