﻿<?xml version="1.0" encoding="utf-8"?>
<Devices>
    <Version>1</Version>
    <Device DeviceID="1">
        <Name>QTOF</Name>
        <DriverVersion>8.00.00</DriverVersion>
        <FirmwareVersion>18.698</FirmwareVersion>
        <ModelNumber>G6560A</ModelNumber>
        <OrdinalNumber>1</OrdinalNumber>
        <SerialNumber>PP10000000</SerialNumber>
        <Type>6</Type>
        <StoredDataType>8</StoredDataType>
        <Delay>0</Delay>
        <Vendor>1</Vendor>
    </Device>
</Devices>