<SampleInfo>
  <Version>1.0</Version>
  <Field>
    <Name>Sample ID</Name>
    <DisplayName>Sample ID</DisplayName>
    <Value>
    </Value>
    <DataType>8</DataType>
    <Units>
    </Units>
    <FieldType>SYSTEM</FieldType>
    <Overridden>False</Overridden>
  </Field>
  <Field>
    <Name>Sample Name</Name>
    <DisplayName>Sample Name</DisplayName>
    <Value>Rat Brain SHRSP</Value>
    <DataType>8</DataType>
    <Units>
    </Units>
    <FieldType>SYSTEM</FieldType>
    <Overridden>False</Overridden>
  </Field>
  <Field>
    <Name>Rack Code</Name>
    <DisplayName>Rack Code</DisplayName>
    <Value>
    </Value>
    <DataType>8</DataType>
    <Units>
    </Units>
    <FieldType>SYSTEM</FieldType>
    <Overridden>False</Overridden>
  </Field>
  <Field>
    <Name>Rack Position</Name>
    <DisplayName>Rack Position</DisplayName>
    <Value>
    </Value>
    <DataType>8</DataType>
    <Units>
    </Units>
    <FieldType>SYSTEM</FieldType>
    <Overridden>False</Overridden>
  </Field>
  <Field>
    <Name>Plate Code</Name>
    <DisplayName>Plate Code</DisplayName>
    <Value>PlateOrVial</Value>
    <DataType>8</DataType>
    <Units>
    </Units>
    <FieldType>SYSTEM</FieldType>
    <Overridden>False</Overridden>
  </Field>
  <Field>
    <Name>Plate Position</Name>
    <DisplayName>Plate Position</DisplayName>
    <Value>
    </Value>
    <DataType>8</DataType>
    <Units>
    </Units>
    <FieldType>SYSTEM</FieldType>
    <Overridden>False</Overridden>
  </Field>
  <Field>
    <Name>Sample Position</Name>
    <DisplayName>Sample Position</DisplayName>
    <Value>
    </Value>
    <DataType>8</DataType>
    <Units>
    </Units>
    <FieldType>SYSTEM</FieldType>
    <Overridden>False</Overridden>
  </Field>
  <Field>
    <Name>Method</Name>
    <DisplayName>Method</DisplayName>
    <Value>C:\MassHunter\Methods\DESI Imaging_IM_Negative.m</Value>
    <DataType>8</DataType>
    <Units>
    </Units>
    <FieldType>SYSTEM</FieldType>
    <Overridden>False</Overridden>
  </Field>
  <Field>
    <Name>Override DA Method</Name>
    <DisplayName>Override DA Method</DisplayName>
    <Value>
    </Value>
    <DataType>8</DataType>
    <Units>
    </Units>
    <FieldType>SYSTEM</FieldType>
    <Overridden>False</Overridden>
  </Field>
  <Field>
    <Name>Data File</Name>
    <DisplayName>Data File</DisplayName>
    <Value>C:\MassHunter\Data\DESI  Imaging\ASMS 2017 Data\ASMS_SHRSP\SHRSP_004.d</Value>
    <DataType>8</DataType>
    <Units>
    </Units>
    <FieldType>SYSTEM</FieldType>
    <Overridden>False</Overridden>
  </Field>
  <Field>
    <Name>Sample Type</Name>
    <DisplayName>Sample Type</DisplayName>
    <Value>Sample</Value>
    <DataType>8</DataType>
    <Units>
    </Units>
    <FieldType>SYSTEM</FieldType>
    <Overridden>False</Overridden>
  </Field>
  <Field>
    <Name>Method Type</Name>
    <DisplayName>Method Type</DisplayName>
    <Value>Acquisition Only</Value>
    <DataType>8</DataType>
    <Units>
    </Units>
    <FieldType>SYSTEM</FieldType>
    <Overridden>False</Overridden>
  </Field>
  <Field>
    <Name>Balance Override</Name>
    <DisplayName>Balance Override</DisplayName>
    <Value>No Override</Value>
    <DataType>8</DataType>
    <Units>
    </Units>
    <FieldType>SYSTEM</FieldType>
    <Overridden>False</Overridden>
  </Field>
  <Field>
    <Name>Inj Vol (µl)</Name>
    <DisplayName>Inj Vol (µl)</DisplayName>
    <Value>Unknown / Injection Program</Value>
    <DataType>5</DataType>
    <Units>
    </Units>
    <FieldType>SYSTEM</FieldType>
    <Overridden>False</Overridden>
  </Field>
  <Field>
    <Name>Equilib Time (min)</Name>
    <DisplayName>Equilib Time (min)</DisplayName>
    <Value>0</Value>
    <DataType>5</DataType>
    <Units>
    </Units>
    <FieldType>SYSTEM</FieldType>
    <Overridden>False</Overridden>
  </Field>
  <Field>
    <Name>Dilution</Name>
    <DisplayName>Dilution</DisplayName>
    <Value>1</Value>
    <DataType>5</DataType>
    <Units>
    </Units>
    <FieldType>SYSTEM</FieldType>
    <Overridden>False</Overridden>
  </Field>
  <Field>
    <Name>Wt/Vol</Name>
    <DisplayName>Wt/Vol</DisplayName>
    <Value>0</Value>
    <DataType>5</DataType>
    <Units>
    </Units>
    <FieldType>SYSTEM</FieldType>
    <Overridden>False</Overridden>
  </Field>
  <Field>
    <Name>Comment</Name>
    <DisplayName>Comment</DisplayName>
    <Value>
    </Value>
    <DataType>8</DataType>
    <Units>
    </Units>
    <FieldType>SYSTEM</FieldType>
    <Overridden>False</Overridden>
  </Field>
  <Field>
    <Name>Barcode</Name>
    <DisplayName>Barcode</DisplayName>
    <Value>
    </Value>
    <DataType>8</DataType>
    <Units>
    </Units>
    <FieldType>SYSTEM</FieldType>
    <Overridden>False</Overridden>
  </Field>
  <Field>
    <Name>Level Name</Name>
    <DisplayName>Level Name</DisplayName>
    <Value>
    </Value>
    <DataType>8</DataType>
    <Units>
    </Units>
    <FieldType>SYSTEM</FieldType>
    <Overridden>False</Overridden>
  </Field>
  <Field>
    <Name>SampleGroup</Name>
    <DisplayName>Sample Group</DisplayName>
    <Value>
    </Value>
    <DataType>8</DataType>
    <Units>
    </Units>
    <FieldType>SYSTEM</FieldType>
    <Overridden>False</Overridden>
  </Field>
  <Field>
    <Name>SampleInformation</Name>
    <DisplayName>Info.</DisplayName>
    <Value>
    </Value>
    <DataType>8</DataType>
    <Units>
    </Units>
    <FieldType>SYSTEM</FieldType>
    <Overridden>False</Overridden>
  </Field>
  <Field>
    <Name>StreamInfo</Name>
    <DisplayName>Stream Name</DisplayName>
    <Value>
    </Value>
    <DataType>8</DataType>
    <Units>
    </Units>
    <FieldType>SYSTEM</FieldType>
    <Overridden>False</Overridden>
  </Field>
  <Field>
    <Name>AcqTime</Name>
    <DisplayName>Acquisition Time</DisplayName>
    <Value>2017-05-16T14:24:20.3940388-07:00</Value>
    <DataType>8</DataType>
    <Units>
    </Units>
    <FieldType>SYSTEM</FieldType>
    <Overridden>False</Overridden>
  </Field>
  <Field>
    <Name>SampleLockedRunMode</Name>
    <DisplayName>Locked Run</DisplayName>
    <Value>0</Value>
    <DataType>11</DataType>
    <Units>
    </Units>
    <FieldType>SYSTEM</FieldType>
    <Overridden>False</Overridden>
  </Field>
  <Field>
    <Name>RunCompletedFlag</Name>
    <DisplayName>Run Completed</DisplayName>
    <Value>-1</Value>
    <DataType>11</DataType>
    <Units>
    </Units>
    <FieldType>SYSTEM</FieldType>
    <Overridden>False</Overridden>
  </Field>
  <Field>
    <Name>OperatorName</Name>
    <DisplayName>Operator Name</DisplayName>
    <Value>
    </Value>
    <DataType>8</DataType>
    <Units>
    </Units>
    <FieldType>SYSTEM</FieldType>
    <Overridden>False</Overridden>
  </Field>
  <Field>
    <Name>InstrumentName</Name>
    <DisplayName>Instrument Name</DisplayName>
    <Value>Instrument 1</Value>
    <DataType>8</DataType>
    <Units>
    </Units>
    <FieldType>SYSTEM</FieldType>
    <Overridden>False</Overridden>
  </Field>
  <Field>
    <Name>CombinedExportOutputFile</Name>
    <DisplayName>Combined Export Output File</DisplayName>
    <Value>
    </Value>
    <DataType>8</DataType>
    <Units>
    </Units>
    <FieldType>SYSTEM</FieldType>
    <Overridden>False</Overridden>
  </Field>
</SampleInfo>